x,y,sub,grid_col,grid_row,close2water_25,close2water_100,close2smoking_shop_75,close2chimney_150,close2water_tap_75,close2public_transport_15,num_public_transport_50,num_public_transport_100,close2industry_400,close2residential_10,proportion_residential_400,close2railway_100,close2grass_15,close2grass_100,close2construction_50,num_trees_50,num_trees_500,close2woods_50,close2woods_200,close2grassland_200,close2park_5,close2park_25,close2garden_25,num_green_200,num_green_500,num_green_1000,proportion_green_50,proportion_green_100,proportion_green_500,close2smoking_amenity_30,close2cigarette_disposal_50,close2waste_disposal_25,close2parking_space_30,close2fuel_station_40,close2drinking_water_30,close2industrial_building_15,close2industrial_building_100,num_residential_buildings_200,proportion_residential_buildings_500,close2commercial_building_25,num_commercial_buildings_200,average_building_height_100,sum_streets_nearby_20,sum_streets_nearby_50,num_traffic_light_200,num_traffic_light_400,average_nearby_streets_len_50,average_nearby_maxspeed_50,average_nearby_num_lanes_50,sum_nearby_residential_street_len_50,sum_nearby_residential_street_len_150,sum_nearby_pedestrian_street_len_15,sum_nearby_pedestrian_street_len_50,sum_nearby_service_street_len_50,sum_nearby_service_street_len_150,velocita_vento_massimo,direzione_vento_massimo,velocita_vento_medio,radiazione_globale_medio,precipitazione_valore_cumulato,direzione_vento_medio,predicted_co2
9.226365555555555,45.472078333333336,1,0,0,0,0,0,0,0,0,0,0,0,1,0.7318163413893264,0,0,0,0,0,19,0,0,0,0,0,0,0,4,15,0.0,0.0,0.021801314929236253,0,0,0,0,0,0,0,0,45,0.06507245119043238,0,0,0.7650675637869353,0,0,0,0,27.90442767530356,30.317955489993935,0.0,0.0,15.553863795684792,0.0,0.0,0.0,0.0,1.0,86.0,0.6,0.0,0.0,106.0,686.4950052029312
9.227696666666667,45.472078333333336,1,1,0,0,0,0,0,0,0,0,0,0,1,0.7820859860890169,0,0,0,0,1,25,0,0,0,0,0,0,0,4,17,0.0,0.0,0.024104069930817037,0,0,0,0,0,0,0,0,70,0.0897530030018809,0,0,1.1032437637741845,0,0,0,0,27.90442767530356,30.317955489993935,0.0,0.0,0.0,0.0,0.0,0.0,0.0,1.0,86.0,0.6,0.0,0.0,106.0,699.4016597974925
9.229027777777777,45.472078333333336,1,2,0,0,0,0,0,0,0,0,0,0,1,0.7644452224071148,0,0,0,0,3,29,0,0,0,0,0,0,1,4,18,0.0,0.0,0.018707108230107523,0,0,0,0,0,0,0,0,59,0.1210607929207557,0,0,1.5120058977254267,0,0,0,0,52.539908512580155,30.317955489993935,0.0,0.0,0.0,52.539908512580155,52.539908512580155,0.0,0.0,1.0,86.0,0.6,0.0,0.0,106.0,696.8347119385554
9.230358888888889,45.472078333333336,1,3,0,0,0,0,0,0,0,0,0,0,1,0.7460257767072778,0,0,0,0,0,24,0,0,0,0,0,0,2,4,18,0.0,0.0327937000114169,0.018064971675712364,0,0,0,0,0,0,0,0,59,0.14452174942485707,0,0,2.168681162418486,0,4,0,0,27.955633250174646,44.0165482627854,2.0,0.0,0.0,115.38243121001837,431.63797614120125,0.0,0.0,1.0,86.0,0.6,0.0,0.0,106.0,672.5962881878545
9.23169,45.472078333333336,1,4,0,0,0,1,0,0,0,0,0,0,1,0.7248380415473371,0,0,0,0,0,15,0,0,0,0,0,0,1,5,18,0.0,0.0,0.036096342724635855,0,0,0,0,0,0,0,0,57,0.14495776693332976,0,0,1.0953880743664348,0,0,0,0,90.4903467089021,30.317955489993935,0.0,0.0,6.749991995100368,0.0,271.47104012670627,0.0,0.0,1.0,86.0,0.6,0.0,0.0,106.0,664.6050914006523
9.23302111111111,45.472078333333336,1,5,0,0,0,0,0,0,0,0,0,0,1,0.7217896032881386,0,0,0,0,0,13,0,0,0,0,0,0,1,5,15,0.0,0.0,0.06989877271377949,0,0,0,0,0,0,0,0,59,0.13530273345859226,0,1,2.711112258787403,0,0,0,0,139.93853391594283,30.317955489993935,0.0,0.0,6.749991995100368,0.0,419.8156017478285,0.0,0.0,1.0,86.0,0.6,0.0,0.0,106.0,660.4519484458481
9.234352222222222,45.472078333333336,1,6,0,1,1,0,0,0,0,0,2,0,1,0.7476045899369558,0,0,0,0,0,18,0,0,0,0,0,0,1,4,12,0.0,0.0,0.07867106404549408,0,0,0,0,0,0,0,0,41,0.11650176461467578,0,1,2.245385404174707,0,16,0,0,27.272314126439824,30.0,1.0,94.05124860879442,305.390478203449,324.4763261903097,1242.2921435867568,0.0,0.0,1.0,86.0,0.6,0.0,0.0,106.0,662.3100637401334
9.235683333333332,45.472078333333336,1,7,0,0,0,0,0,0,0,0,3,0,1,0.6369089184879998,0,0,0,0,0,15,0,0,1,0,0,0,1,2,8,0.0,0.0,0.07890660278693293,0,0,0,0,0,0,0,0,23,0.0904129563856581,0,1,2.5441186440591492,0,0,0,0,27.90442767530356,30.317955489993935,0.0,0.0,567.1951342607724,0.0,0.0,0.0,425.58678648166693,1.0,86.0,0.6,0.0,0.0,106.0,664.0388288878826
9.237014444444444,45.472078333333336,1,8,0,0,0,0,0,0,0,0,1,0,1,0.4819873043472095,0,0,1,0,0,12,0,0,1,0,0,0,0,2,8,0.0,0.0,0.07074501574386086,0,0,0,1,0,0,0,0,12,0.06731963549700469,0,0,3.6132095905675157,0,8,0,0,22.575822277654982,26.100633537101196,1.4134112393055716,254.27328733406574,381.08631329073427,0.0,603.6079592168238,0.0,16.40584702850829,1.0,86.0,0.6,0.0,0.0,106.0,666.820416048206
9.226365555555555,45.472995000000004,1,0,1,0,0,0,0,0,0,0,0,0,1,0.5371874370489272,0,0,1,0,5,43,0,0,1,0,0,0,0,5,16,0.0,0.0,0.034257331102743094,0,0,0,0,0,0,0,0,41,0.06647372798902813,0,0,0.46111805896635377,0,4,0,0,19.98786385985892,30.317955489993935,0.0,0.0,101.00312296363691,0.0,679.5873712352032,0.0,107.42845086317676,1.0,86.0,0.6,0.0,0.0,106.0,678.315027045514
9.227696666666667,45.472995000000004,1,1,1,0,0,0,0,0,0,0,6,0,1,0.5969948401095589,0,0,0,0,0,51,0,0,1,0,0,0,0,5,18,0.0,0.0,0.034257331102743094,0,0,0,0,0,0,0,0,53,0.09396985306530743,0,0,1.3137879086751794,0,0,0,0,98.4185733968842,30.317955489993935,0.0,0.0,0.0,0.0,688.9300137781894,0.0,207.83656336273017,1.0,86.0,0.6,0.0,0.0,106.0,691.5390214288534
9.229027777777777,45.472995000000004,1,2,1,0,0,0,0,0,0,0,3,0,1,0.6334210110271413,0,0,0,0,0,58,0,0,0,0,0,0,3,5,18,0.0,0.01947435159107521,0.03011262398248377,0,0,0,0,0,0,0,0,53,0.12241059330759156,0,0,1.4566172455438975,0,0,0,0,170.42783017102377,30.317955489993935,0.0,0.0,0.0,0.0,340.85566034204754,0.0,207.83656336273017,1.0,86.0,0.6,0.0,0.0,106.0,697.1683544306527
9.230358888888889,45.472995000000004,1,3,1,0,0,0,0,0,1,3,3,0,1,0.6591474605971369,0,0,0,0,0,77,0,0,0,1,1,0,3,6,18,0.39471698536041133,0.2512290484512374,0.023959494723539268,0,0,0,0,0,0,0,0,73,0.14085328312384487,0,0,3.2144131607969753,4,4,0,0,15.868396178985359,33.86377019242248,1.0,0.0,0.0,73.92813678854972,743.767470877724,0.0,0.0,1.0,86.0,0.6,0.0,0.0,106.0,670.3244646666374
9.23169,45.472995000000004,1,4,1,0,0,0,0,0,0,0,4,0,1,0.6834685279432039,0,0,0,0,0,64,0,0,0,0,0,0,2,5,19,0.0,0.0,0.06388263245759657,0,0,0,0,0,0,0,0,72,0.14420446516995533,0,0,3.2430862534694205,0,0,0,0,132.12753708501418,30.317955489993935,0.0,0.0,0.0,0.0,264.25507417002837,0.0,0.0,1.0,86.0,0.6,0.0,0.0,106.0,663.7331682184376
9.23302111111111,45.472995000000004,1,5,1,0,0,0,0,0,0,0,2,0,1,0.7552999790463619,0,0,0,0,0,43,0,0,0,0,0,0,2,7,19,0.0,0.0,0.10255780568374201,0,0,0,0,0,0,0,0,68,0.13497835983368808,0,1,2.541897935335757,0,0,0,0,136.72924566099005,30.317955489993935,0.0,0.0,0.0,0.0,410.18773698297014,0.0,0.0,1.0,86.0,0.6,0.0,0.0,106.0,659.6064453303059
9.234352222222222,45.472995000000004,1,6,1,1,1,0,0,0,0,0,6,0,1,0.8497884264018684,0,0,0,0,0,33,0,1,0,0,1,0,2,7,16,0.28242218980234035,0.19885854840589143,0.10912457097832452,0,0,0,0,1,0,0,0,48,0.11764379354608194,0,1,1.6297649833625782,0,12,0,0,14.812367061045276,30.0,1.0,10.527042838542217,394.2376243311726,204.6459438539061,996.7139173125365,0.0,558.0908058682073,1.0,86.0,0.6,0.0,0.0,106.0,659.9147520341746
9.235683333333332,45.472995000000004,1,7,1,0,0,0,0,0,0,0,3,0,1,0.7640151778079846,0,0,0,0,0,38,0,1,1,0,0,0,2,3,11,0.0,0.0492081975296146,0.09887486223375949,0,0,0,0,0,0,0,0,24,0.09408960198274928,0,1,2.2610032500498485,0,8,0,0,25.402826237777894,29.157779428864774,1.761322325434334,0.0,647.4606960766488,0.0,194.79690407355105,516.4822305842299,1373.1592082236755,1.0,86.0,0.6,0.0,0.0,106.0,662.0285600094153
9.237014444444444,45.472995000000004,1,8,1,0,0,0,0,0,0,0,0,0,1,0.5987496245122158,0,1,1,0,0,26,0,0,1,0,0,0,1,3,10,0.0,0.0,0.09804119866517104,0,0,0,0,0,0,0,0,12,0.06643537216419353,0,0,2.986483404870109,0,4,0,0,34.50510796475025,30.207454445974754,1.0,91.68198084231882,328.29775162451267,0.0,391.3895306641847,0.0,911.0617143333883,1.0,86.0,0.6,0.0,0.0,106.0,664.2418230599351
9.226365555555555,45.473911666666666,1,0,2,0,0,0,0,0,0,0,0,0,0,0.34485320434656713,0,0,1,1,0,62,0,0,1,0,0,0,1,9,16,0.0,0.0694476904172045,0.03710728674277737,0,0,0,0,0,0,0,0,10,0.06053986717662067,0,1,2.286233779405557,4,12,0,0,15.087504434747713,20.035968395967455,1.6412184762014164,0.0,358.3294430024565,0.0,737.4717974826953,107.42845086317676,107.42845086317676,1.0,86.0,0.6,0.0,0.0,106.0,667.9443579620207
9.227696666666667,45.473911666666666,1,1,2,0,0,0,0,0,0,0,6,0,0,0.3768444925620931,0,0,0,1,0,80,0,0,1,0,0,0,1,9,18,0.0,0.0,0.03605713207392528,0,0,0,0,0,1,0,0,15,0.09069638623964442,0,1,1.90271060722051,0,0,0,0,46.09964698793453,30.317955489993935,0.0,0.0,583.1280044252377,0.0,507.0961168672798,0.0,648.7151779083521,1.0,86.0,0.6,0.0,0.0,106.0,675.8569915348891
9.229027777777777,45.473911666666666,1,2,2,0,0,0,0,0,0,0,6,0,0,0.420140725758859,0,0,0,0,0,117,0,0,0,0,0,0,3,8,18,0.0,0.013052797813119497,0.03602123335386326,0,0,0,0,0,0,0,0,25,0.1140522837781903,0,2,1.192434068531797,0,0,0,0,94.18784574045499,30.317955489993935,0.0,0.0,325.2197597545953,0.0,188.37569148090998,0.0,331.3620563497653,1.0,86.0,0.6,0.0,0.0,106.0,678.9741178133156
9.230358888888889,45.473911666666666,1,3,2,0,0,0,0,0,0,0,5,0,1,0.46726133933844854,0,0,0,0,0,126,0,0,0,1,1,0,3,9,19,0.33974204187521656,0.22757877777326443,0.033915302480414154,0,0,0,0,0,0,0,0,33,0.12447667091682944,0,2,4.016202804626596,4,4,0,0,17.668509056519387,33.88384850898558,1.0,0.0,203.3228020515249,54.36968175232307,683.8392772058938,0.0,0.0,1.0,86.0,0.6,0.0,0.0,106.0,670.0803989705104
9.23169,45.473911666666666,1,4,2,0,0,0,0,0,0,0,6,0,1,0.5302388004018793,0,0,0,0,0,125,0,0,0,0,0,0,3,7,19,0.0,0.0,0.08443466597309758,0,0,0,0,0,0,0,0,43,0.1340527777187442,0,3,4.343804466308517,0,0,0,0,130.83462141938713,30.317955489993935,0.0,0.0,0.0,0.0,261.66924283877427,0.0,130.2898643406869,1.0,86.0,0.6,0.0,0.0,106.0,665.2029337303998
9.23302111111111,45.473911666666666,1,5,2,0,0,0,0,0,0,0,3,0,1,0.6509682792295387,0,0,0,0,0,111,0,1,0,0,0,0,2,8,19,0.0,0.0,0.11605534088850071,0,0,0,0,0,0,0,0,41,0.1264923026969803,0,4,2.992631809218648,0,0,0,0,130.69771549829773,30.317955489993935,0.0,0.0,0.0,0.0,522.7908619931909,0.0,678.0790602644412,1.0,86.0,0.6,0.0,0.0,106.0,660.8983513956691
9.234352222222222,45.473911666666666,1,6,2,1,1,1,0,0,1,3,6,0,1,0.7968363882681023,0,0,0,0,0,72,0,1,0,0,0,1,2,8,19,0.2445457720220182,0.3322771679213892,0.1126111679069387,0,0,0,1,0,0,0,1,24,0.11748514539363467,0,4,2.3746465626211193,0,0,0,0,20.076176198713043,28.160552814606305,1.6372465934386997,12.463108010945072,129.64856279818906,190.17447804043323,989.8353656212568,142.04356969444171,852.9576878341588,1.0,86.0,0.6,0.0,0.0,106.0,654.2555578524529
9.235683333333332,45.473911666666666,1,7,2,0,0,0,0,0,0,0,0,0,1,0.758236715223239,0,0,0,0,0,50,1,1,1,0,0,1,2,5,14,0.9739208683113262,0.7674138856933674,0.10050064114534611,0,0,0,1,0,0,0,0,9,0.09245668274988547,0,0,2.620283878793613,0,0,0,0,14.43666544840235,28.085881937710525,1.746678682427379,0.0,295.4936142032843,0.0,170.26397800368883,378.3293090356004,1512.778953445366,1.0,86.0,0.6,0.0,0.0,106.0,663.2487860536007
9.237014444444444,45.473911666666666,1,8,2,0,0,0,0,0,0,0,0,0,1,0.6245076474090091,0,0,1,0,0,40,0,1,1,0,0,0,1,3,10,0.0,0.15895101983553045,0.09887486223375949,0,0,0,0,0,0,0,0,5,0.055672780352243635,0,0,5.000303037986575,0,0,0,0,39.92950016227424,30.317955489993935,0.0,0.0,165.84505140509532,0.0,319.4360012981939,0.0,842.0576129120882,1.0,86.0,0.6,0.0,0.0,106.0,664.4070874767839
9.226365555555555,45.474828333333335,1,0,3,0,0,0,0,0,0,0,0,0,0,0.15677245420565505,0,0,0,0,0,112,0,0,0,0,0,0,2,11,20,0.060104948383585106,0.326624443129903,0.06327366284125549,0,0,0,0,0,0,0,0,2,0.04467455475004563,0,1,1.5189321110397251,0,0,0,0,154.6883786691557,30.317955489993935,0.0,0.0,272.88018383450435,0.0,928.1302720149341,0.0,702.8849644617587,1.0,86.0,0.6,0.0,0.0,106.0,665.1459314611639
9.227696666666667,45.474828333333335,1,1,3,0,0,0,0,0,0,0,0,0,0,0.16821680144313628,0,0,0,0,0,207,0,0,1,0,0,0,2,12,21,0.0,0.0,0.06234870526577864,0,0,0,0,0,0,0,0,0,0.06813400809481598,0,1,0.8855451954577476,0,0,0,0,7.034962684370568,25.762886135016114,1.7175753432289318,0.0,469.13800409187604,0.0,0.0,337.67820884978727,1410.9907036475283,1.0,86.0,0.6,0.0,0.0,106.0,669.568323707136
9.229027777777777,45.474828333333335,1,2,3,0,0,0,0,0,0,0,0,0,0,0.20215205318978838,0,0,1,0,0,235,0,0,1,0,0,0,1,12,21,0.0,0.0,0.048358233357660284,0,0,0,0,0,0,0,0,1,0.0876452247737563,0,3,0.34793837274955164,0,0,0,4,3.8937724144031236,25.199913280728893,1.7103362161250273,0.0,325.2197597545953,0.0,0.0,70.08790345925622,674.1132272703895,1.0,86.0,0.6,0.0,0.0,106.0,671.3786663149823
9.230358888888889,45.474828333333335,1,3,3,0,0,0,0,0,0,0,0,0,0,0.24893804346072462,0,0,0,0,0,209,0,0,1,0,0,0,2,13,22,0.0,0.030595340928320267,0.03727909308053905,0,0,0,0,0,0,0,0,13,0.09437183915904636,0,2,0.31034665684914314,0,0,0,4,105.51786746142653,50.0,2.0,0.0,203.3228020515249,336.69056441239866,929.1621876768136,0.0,50.95005510819557,1.0,86.0,0.6,0.0,0.0,106.0,670.4307440736463
9.23169,45.474828333333335,1,4,3,0,0,0,0,0,0,0,0,0,0,0.343196313390205,0,0,0,0,0,183,0,0,1,0,0,0,1,11,23,0.0,0.0,0.09906952612404665,0,0,0,0,0,0,0,0,18,0.09698753450441651,0,6,2.912891848387677,0,0,0,3,27.90442767530356,30.317955489993935,0.0,0.0,0.0,0.0,0.0,0.0,581.0054063247779,1.0,86.0,0.6,0.0,0.0,106.0,664.1086587274706
9.23302111111111,45.474828333333335,1,5,3,0,0,0,1,0,0,0,0,0,0,0.5218255371882796,0,0,1,0,3,160,0,1,1,0,0,0,2,9,22,0.0,0.0,0.11849838966362747,0,0,0,1,0,0,0,0,11,0.09426802348397559,0,9,0.5952417203786788,0,0,0,0,8.753966763790688,27.864648744266464,1.7436563226095618,0.0,0.0,0.0,357.72925098592356,307.5722230621687,1342.911386416808,1.0,86.0,0.6,0.0,0.0,106.0,661.1395592917258
9.234352222222222,45.474828333333335,1,6,3,1,1,0,0,0,0,0,0,0,1,0.6846429966127102,0,0,0,0,0,126,0,1,1,0,0,1,2,7,21,0.25762885598384616,0.36797466974622217,0.10626428129179692,0,0,0,0,0,0,0,1,3,0.08571320070812442,0,6,0.6882669346031055,0,0,0,0,31.296885431276653,29.012061253708854,1.759331608081026,0.0,0.0,831.7895961723466,1249.0473645462487,190.60936529247755,1062.1346662956953,1.0,86.0,0.6,0.0,0.0,106.0,647.5212997847353
9.235683333333332,45.474828333333335,1,7,3,1,1,0,0,0,0,0,0,0,1,0.6938204832442949,0,0,0,0,10,54,1,1,0,0,0,1,2,5,18,1.0,0.9933648560728353,0.10204158135177324,0,0,0,0,0,0,0,0,0,0.06469243352692534,0,1,0.008124290598033716,0,0,0,0,9.88423063535274,30.317955489993935,0.0,0.0,0.0,53.07523726842868,454.67460922622604,0.0,362.65780383996076,1.0,86.0,0.6,0.0,0.0,106.0,664.2170355980045
9.237014444444444,45.474828333333335,1,8,3,0,0,0,0,0,0,0,0,0,1,0.6036791122854451,0,0,0,0,0,49,1,1,0,0,0,0,2,5,11,0.0,0.178871910840377,0.10204158135177324,0,0,0,0,0,0,0,0,0,0.03716555406153925,0,0,2.0,0,0,0,0,27.853222100432472,30.317955489993935,0.0,0.0,0.0,0.0,947.009551414704,0.0,233.07555427277816,1.0,86.0,0.6,0.0,0.0,106.0,666.0522272471557
9.226365555555555,45.475745,1,0,4,0,0,0,0,0,0,0,0,0,0,0.008986593934565657,0,0,0,0,0,222,0,0,1,0,0,0,5,10,21,0.0008807936968044876,0.10640600302455011,0.11534028959318984,0,0,0,0,0,0,0,1,0,0.02071190892961253,0,2,0.7401694337970635,0,0,0,0,153.4391394260599,29.72317049323882,1.7690463708531738,0.0,0.0,543.0915766042464,1160.360746590484,67.15236881799527,1147.1917864466686,1.0,86.0,0.6,0.0,0.0,106.0,665.0327535870014
9.227696666666667,45.475745,1,1,4,0,0,0,0,0,0,0,0,0,0,0.013302973041558044,0,0,0,0,1,327,0,0,1,0,0,1,5,12,23,0.16433043770937522,0.04108260942748142,0.10165553169510413,0,0,0,0,0,0,0,0,0,0.03144238056459424,0,2,0.3863746352828438,0,0,0,4,23.31001044582686,28.97441553258545,1.758817314031996,0.0,0.0,0.0,0.0,372.9601671332298,1825.5365628605732,1.0,86.0,0.6,0.0,0.0,106.0,666.2773325978657
9.229027777777777,45.475745,1,2,4,0,0,0,0,0,0,0,0,0,0,0.043671576122076505,0,1,1,0,3,375,0,0,1,0,0,0,2,14,24,0.0,0.0,0.08438877739347059,0,0,1,0,0,0,0,0,0,0.03943355066250284,0,1,0.07325535324268695,0,0,0,4,27.90442767530356,30.317955489993935,0.0,0.0,0.0,0.0,0.0,0.0,691.6124311718526,1.0,86.0,0.6,0.0,0.0,106.0,667.5851238015432
9.230358888888889,45.475745,1,3,4,0,0,0,0,0,0,0,0,0,0,0.08572607545791,0,0,1,0,4,382,0,0,1,0,0,0,0,16,24,0.0,0.0,0.048479448923059824,0,0,0,0,0,0,0,0,0,0.04327724261497097,0,3,0.4244641422348557,0,0,3,4,64.52210032686344,33.225293533155664,1.8076790129797007,0.0,0.0,0.0,889.6795996119324,192.7543857187586,728.8074648197901,1.0,86.0,0.6,0.0,0.0,106.0,666.8777044161268
9.23169,45.475745,1,4,4,0,0,0,0,0,0,0,0,0,0,0.20531334071317914,0,0,1,0,3,301,0,0,1,0,0,0,1,14,23,0.0,0.0,0.08373254030875323,0,0,0,0,0,0,0,0,0,0.04934632350564567,0,7,1.2073812363526493,0,0,0,4,14.756181929801214,21.553219108555787,1.650780030801797,0.0,0.0,0.0,263.9569845329791,296.77792879946696,1154.851845419198,1.0,86.0,0.6,0.0,0.0,106.0,663.5692016922549
9.23302111111111,45.475745,1,5,4,0,0,0,1,0,0,0,0,0,0,0.39965465951583923,0,1,1,0,1,230,0,1,1,0,0,0,2,8,23,0.0,0.01411078066941915,0.1157483460422607,0,0,0,0,0,0,0,0,0,0.049018805157231095,0,9,1.370653822366597,0,8,0,3,6.311362320680266,31.635625786491314,1.4578263445097888,0.0,0.0,80.19489687573952,918.6222043593525,198.4889264010544,1181.8937451229099,1.0,86.0,0.6,0.0,0.0,106.0,660.6636592471511
9.234352222222222,45.475745,1,6,4,1,1,0,1,0,0,0,0,0,1,0.5820911495941703,0,0,1,0,3,159,0,1,1,0,0,0,4,7,23,0.0,0.04590492287649116,0.10619848981723971,0,0,0,0,0,0,0,0,1,0.04580681116604154,0,7,1.26612098861537,0,8,0,0,21.447697423663598,30.35410248576645,1.4341630027807475,0.0,0.0,560.5180953515139,1010.2995089558776,533.9347055479016,1410.6358323200884,1.0,86.0,0.6,0.0,0.0,106.0,667.0024235834351
9.235683333333332,45.475745,1,7,4,0,0,0,0,0,0,0,0,0,1,0.638028543440502,0,0,0,0,3,98,1,1,1,1,1,0,3,6,22,0.662865032141099,0.445136743133096,0.10711797330292973,0,0,0,0,0,0,0,0,1,0.02962292924907168,0,2,0.5579831984023147,0,0,0,0,12.777858827946853,29.791921917858065,1.7699856130163958,0.0,0.0,75.23730434243754,523.7060532495326,345.18834705085345,736.8982100496834,1.0,86.0,0.6,0.0,0.0,106.0,663.5419370057128
9.237014444444444,45.475745,1,8,4,0,0,0,0,0,0,0,0,0,1,0.5904667984250793,0,0,0,0,0,48,0,1,0,0,0,0,2,6,13,0.0,0.074502738105628,0.10247377821048427,0,0,0,0,0,0,0,0,0,0.01528077525671363,0,1,0.001818227919450192,0,0,0,0,252.53303427299028,30.317955489993935,0.0,0.0,0.0,0.0,1010.1321370919611,0.0,0.0,1.0,86.0,0.6,0.0,0.0,106.0,668.4032663427608
9.226365555555555,45.47666166666667,1,0,5,0,0,0,0,0,0,0,0,0,0,0.0,0,0,1,0,2,355,0,0,1,0,0,0,8,9,21,0.0,0.1613338875681586,0.12020626126900362,0,0,0,0,0,0,0,1,0,0.004646713584388395,0,1,0.31995054538935247,0,8,0,1,27.456324706489646,30.317955489993935,0.0,0.0,0.0,543.0915766042464,1702.292131802358,0.0,736.9552934800528,1.0,86.0,0.6,0.0,0.0,106.0,668.6615065998249
9.227696666666667,45.47666166666667,1,1,5,0,0,0,1,0,0,0,0,0,0,0.0,0,0,1,0,2,495,0,0,1,0,0,1,8,11,27,0.11200059373213564,0.04873718857616853,0.1296020443760161,0,0,0,0,0,1,0,1,0,0.002281332441651095,0,1,0.8494855600291684,0,0,0,4,13.474187447214835,31.35283171828481,1.7913098591053507,0.0,0.0,38.4969924317832,912.1973301381837,111.84091585014342,1531.8855280316202,1.0,86.0,0.6,0.0,0.0,106.0,660.4483177372031
9.229027777777777,45.47666166666667,1,2,5,0,0,0,0,0,0,0,0,0,0,2.1050745309078902e-05,0,0,1,0,4,589,0,0,1,0,0,0,5,13,26,0.0,0.0,0.10795727062014453,0,0,0,0,0,0,0,0,0,0.005249084719633462,0,0,0.7101399967761012,0,0,4,4,13.097018961354765,26.997815933308566,1.7324517126387042,0.0,0.0,4.336636302462155,589.3438860288343,117.89513788432308,783.6313374885982,1.0,86.0,0.6,0.0,0.0,106.0,666.7798633842535
9.230358888888889,45.47666166666667,1,3,5,0,0,0,0,0,0,3,6,0,0,0.007265081168263138,0,0,1,0,4,585,0,0,1,0,0,0,0,14,26,0.0,0.0,0.05819952695883093,0,0,0,0,0,0,0,0,0,0.013902991754758261,0,2,1.2669686465732635,0,8,4,5,25.289360953628066,50.0,2.0,0.0,0.0,0.0,1181.5585592540183,0.0,811.8905535792703,1.0,86.0,0.6,0.0,0.0,106.0,665.7099429236991
9.23169,45.47666166666667,1,4,5,0,0,0,0,0,0,0,0,0,0,0.08931558776145583,0,1,1,0,5,519,0,0,1,0,0,0,2,12,29,0.0,0.0,0.04917771587118481,0,0,1,0,0,0,0,0,0,0.021604178747208342,0,2,1.7092859038934938,0,0,3,4,15.508162134547518,30.317955489993935,0.0,0.0,0.0,68.50085110708098,930.4897280728511,0.0,781.6460020428934,1.0,86.0,0.6,0.0,0.0,106.0,665.0006555233085
9.23302111111111,45.47666166666667,1,5,5,0,0,0,0,0,0,0,0,0,0,0.28353140587863146,0,1,1,0,0,391,0,0,1,0,0,0,2,7,30,0.0,0.008879052436809915,0.08760853899413085,0,0,0,0,0,0,0,0,1,0.021331699004641547,0,4,0.7426438189058683,0,0,0,4,19.809930501583125,28.607638867369293,1.753806623557366,0.0,0.0,0.0,761.9501129512794,109.68682911837807,600.2632961825435,1.0,86.0,0.6,0.0,0.0,106.0,663.6291516794465
9.234352222222222,45.47666166666667,1,6,5,1,1,0,0,0,1,3,3,0,1,0.5057375999587577,0,0,0,0,0,199,0,1,1,0,0,0,3,6,28,0.04830190170542497,0.06505719728106601,0.10783492077010755,0,0,0,0,0,0,0,0,1,0.016938973262294054,0,2,0.14874010998473053,0,4,0,0,26.61954873048131,30.317955489993935,0.0,0.0,79.00171585476558,361.9793938696064,1118.021046680215,0.0,1071.9245805212176,1.0,86.0,0.6,0.0,0.0,106.0,657.3368354880138
9.235683333333332,45.47666166666667,1,7,5,0,0,0,0,0,0,0,0,0,1,0.6078651498480531,0,0,0,0,0,124,0,1,1,0,0,0,2,6,24,0.0,0.01400782088351738,0.10436350279802352,0,0,0,0,0,0,0,0,1,0.010170660274316786,0,1,0.08792398148843981,0,0,0,0,13.384495160016861,35.817053441318485,1.8522974719652372,0.0,77.44988224002586,133.13450961650145,970.3458236895859,234.25874071193158,608.7141247862317,1.0,86.0,0.6,0.0,0.0,106.0,664.4510020661938
9.237014444444444,45.47666166666667,1,8,5,0,0,0,0,0,0,0,0,0,1,0.5947895169231582,0,0,0,0,0,59,0,1,0,0,0,0,1,5,17,0.0,0.0,0.09924984285601808,0,0,0,0,0,0,0,0,1,0.009291832840090561,0,1,0.026455085129554513,0,0,0,0,252.53303427299028,30.317955489993935,0.0,0.0,0.0,0.0,1010.1321370919611,0.0,0.0,1.0,86.0,0.6,0.0,0.0,106.0,668.1853338634403
9.226365555555555,45.477578333333334,1,0,6,0,0,0,0,1,0,0,0,0,0,0.0,0,0,1,0,6,435,0,0,1,1,1,0,5,10,24,1.0,0.8238696924981485,0.12519641374977405,0,0,1,0,0,0,0,0,0,0.006425672430025858,0,1,3.0,0,0,0,5,13.91732332284635,30.317955489993935,0.0,0.0,0.0,76.77506755535731,417.5196996853905,0.0,112.58540756343143,1.0,86.0,0.6,0.0,0.0,106.0,667.0765904778732
9.227696666666667,45.477578333333334,1,1,6,0,0,0,1,0,0,0,0,0,0,0.0,0,0,1,0,18,647,0,0,1,0,0,1,7,11,28,0.12217878051702029,0.18535092723231883,0.1291316140902641,0,0,1,1,0,0,0,0,0,0.005479044837669578,0,1,1.254535787661737,0,0,0,11,9.640263805944691,25.269453306172494,1.7117911046230507,0.0,0.0,124.50901607875136,714.6206948414944,114.44199246974912,681.7862358159106,1.0,86.0,0.6,0.0,0.0,106.0,665.2797710322852
9.229027777777777,45.477578333333334,1,2,6,0,0,0,1,0,0,0,0,0,0,0.014416150634483033,0,0,1,0,9,697,0,0,1,0,0,0,4,12,31,0.0,0.009747695463052247,0.10636750016080052,0,0,0,1,0,0,0,0,0,0.00218854952582133,0,0,1.1497410487564879,0,0,4,10,8.512405832899749,20.608580029432023,1.5942647663020755,0.0,0.0,45.113133447233835,349.3783731241615,391.20093433811667,1193.1996721453183,1.0,86.0,0.6,0.0,0.0,106.0,664.9720375303186
9.230358888888889,45.477578333333334,1,3,6,0,0,0,0,0,0,0,3,1,0,0.03794778242555207,0,0,1,0,2,722,0,0,1,0,0,0,1,12,32,0.0,0.00018414387684805134,0.07044271096129749,0,0,0,0,0,0,0,0,0,0.001404067055169546,0,0,1.4477754199401562,0,0,4,8,89.63096118981234,46.260985611828815,1.8,0.0,0.0,0.0,322.5554286075878,6.66645719496959,610.5872992802332,1.0,86.0,0.6,0.0,0.0,106.0,664.188893020779
9.23169,45.477578333333334,1,4,6,0,0,0,0,0,0,0,0,1,0,0.12041203073929019,0,0,0,0,7,651,0,0,1,0,0,0,1,12,31,0.03309051076322959,0.09266822983667483,0.018851733193464167,0,0,0,0,0,0,0,0,0,0.006036175629887258,0,2,1.2518961258684487,0,0,1,8,30.546131135008885,30.317955489993935,0.0,0.0,0.0,101.724619995916,610.9226227001777,0.0,98.38008147560257,1.0,86.0,0.6,0.0,0.0,106.0,670.1282169079504
9.23302111111111,45.477578333333334,1,5,6,0,0,0,0,0,0,0,0,1,0,0.292641102856813,0,0,0,0,0,493,0,0,1,0,0,0,2,6,30,0.0,0.0,0.047994412818599716,0,0,0,0,0,0,0,0,0,0.01610370528533324,0,2,1.2210390272605176,0,0,0,4,170.64453759295367,30.317955489993935,0.0,0.0,0.0,0.0,341.28907518590734,0.0,195.63444117374138,1.0,86.0,0.6,0.0,0.0,106.0,668.1559773119701
9.234352222222222,45.477578333333334,1,6,6,1,1,0,0,0,0,4,4,0,1,0.4986048183936391,0,0,0,0,0,371,0,0,1,0,0,0,1,7,29,0.0,0.035879441615253374,0.06850199279037,0,0,0,1,0,0,0,0,1,0.022650772702788584,0,1,1.891554219350534,0,8,0,0,23.29053293089553,32.41953821821461,1.5966712503155231,79.00171585476558,85.19250300307222,436.2828585446852,1375.8961260371632,82.27733154717632,385.97317841877424,1.0,86.0,0.6,0.0,0.0,106.0,659.4814838779474
9.235683333333332,45.477578333333334,1,7,6,0,0,0,0,0,0,0,0,0,1,0.6141071891191529,0,0,0,0,0,208,0,0,1,0,0,0,2,7,28,0.0,0.0,0.07188913443269412,0,0,0,0,0,0,0,0,1,0.023588510170950924,0,1,1.0704247798493653,0,4,0,0,28.470028176797154,30.317955489993935,0.0,0.0,85.19250300307222,0.0,683.2806762431317,0.0,385.97317841877424,1.0,86.0,0.6,0.0,0.0,106.0,666.233445141602
9.237014444444444,45.477578333333334,1,8,6,0,0,0,0,0,0,0,0,0,1,0.6022087350131252,0,0,0,0,0,64,0,0,0,0,0,0,1,5,19,0.0,0.0,0.05843471717160004,0,0,0,0,0,0,0,0,0,0.02174088136486932,0,0,0.010738516198855722,0,0,0,0,98.59019663542509,30.317955489993935,0.0,0.0,0.0,0.0,985.9019663542508,0.0,0.0,1.0,86.0,0.6,0.0,0.0,106.0,668.3425511385798
9.226365555555555,45.478495,1,0,7,0,0,1,0,0,0,0,1,0,0,0.0,0,0,1,0,3,506,0,0,1,1,1,0,3,11,24,1.0,0.8604545026208923,0.11966206454018455,0,0,0,0,0,0,0,0,2,0.021218284681721624,0,1,0.7967271194486034,0,0,4,5,15.040142011758308,30.317955489993935,0.0,0.0,0.0,0.0,270.72255621164953,0.0,203.0970393413704,1.0,86.0,0.6,0.0,0.0,106.0,666.143474250448
9.227696666666667,45.478495,1,1,7,0,0,0,1,0,0,0,0,0,0,0.016605787227518286,0,0,1,0,14,659,0,0,1,0,0,0,3,12,29,0.0,0.17667766410411787,0.12502211574373698,0,0,1,1,0,0,0,0,0,0.022676000944545346,0,1,0.578906357198664,0,0,2,12,7.139070571512371,28.357807448745792,1.7503935713425463,0.0,0.0,0.0,793.800301691195,148.557013748438,730.6404955535569,1.0,86.0,0.6,0.0,0.0,106.0,664.4885540761704
9.229027777777777,45.478495,1,2,7,0,0,0,1,0,0,0,0,1,0,0.07104058681528665,0,1,1,0,19,767,0,0,1,0,0,0,2,12,31,0.0,0.027348916086917096,0.11302081252494672,0,0,1,1,0,0,0,0,0,0.02666506379263378,0,1,0.832051007597265,0,0,4,12,5.617169383571799,25.469134579975428,1.3873375787085174,0.0,0.0,0.0,271.0991618759372,442.28134983768115,1198.4428896448967,1.0,86.0,0.6,0.0,0.0,106.0,661.5118175906157
9.230358888888889,45.478495,1,3,7,0,0,0,1,0,0,0,3,1,0,0.12277744790768313,0,0,1,0,12,797,0,0,1,0,0,0,1,12,32,0.0,0.005203187836245408,0.08208995298325507,0,0,1,0,0,0,0,0,0,0.024530494845896117,0,1,1.4383945548826513,0,8,4,8,21.352176441462298,37.39127932056882,1.9090909090909092,0.0,0.0,159.77053484775655,736.6461878940454,188.16940284855716,878.3150000481261,1.0,86.0,0.6,0.0,0.0,106.0,657.6766845620484
9.23169,45.478495,1,4,7,0,0,0,1,1,0,0,0,1,0,0.2304135602114574,0,0,0,1,14,720,0,0,0,0,1,0,1,11,32,0.1740319407220745,0.13897810706544972,0.03173276906865096,0,0,0,0,0,1,0,0,0,0.0404781974283013,0,1,1.0000162743988013,4,4,0,10,17.55883511992613,30.0,2.0,0.0,0.0,239.9014373152725,465.00472330082715,167.11334101651352,597.1520415576539,1.0,86.0,0.6,0.0,0.0,106.0,658.2004979118885
9.23302111111111,45.478495,1,5,7,0,0,0,0,0,0,0,0,1,0,0.40898007933428454,0,0,0,0,0,577,0,0,0,0,0,0,1,8,31,0.0,0.0,0.03315809901006542,0,0,0,0,0,0,0,0,0,0.05414089588183933,0,1,1.4688171015603637,4,8,0,11,17.048579122810473,29.50404424487054,1.9283183268142483,0.0,0.0,194.84442010559852,930.9933073252122,296.50438951714176,734.893296944555,1.0,86.0,0.6,0.0,0.0,106.0,663.9483828577254
9.234352222222222,45.478495,1,6,7,1,1,0,0,0,0,0,0,1,1,0.566978619674577,0,0,0,0,3,389,0,0,1,0,0,0,1,8,29,0.0,0.0,0.0369339237889981,0,1,1,1,0,0,0,0,2,0.049915421281296876,0,2,1.0755938002527086,12,12,0,8,19.482219830033774,30.0,2.0,0.0,67.61009236484819,963.0805929502033,1723.4512130233782,68.91301133972891,505.8740424518944,1.0,86.0,0.6,0.0,0.0,106.0,672.3086433388585
9.235683333333332,45.478495,1,7,7,0,0,0,0,0,0,0,0,0,1,0.6214177620987078,0,0,0,0,0,276,0,0,1,0,1,0,1,8,26,0.16386445051107398,0.21248665780792422,0.035363484567857054,0,0,0,0,0,0,0,0,6,0.04281592507665264,0,3,0.8781407054185875,0,16,0,6,27.31143579151942,30.154682493770018,1.0,67.61009236484819,419.1813502487165,305.39268503774235,2089.9933351651857,0.0,0.0,1.0,86.0,0.6,0.0,0.0,106.0,666.4191772044118
9.237014444444444,45.478495,1,8,7,0,0,0,0,0,0,0,0,0,1,0.6106173662954034,0,0,0,0,0,157,0,0,1,0,0,0,1,4,17,0.0,0.043785566889019314,0.02589038997832354,0,0,0,0,0,0,0,0,5,0.036125651575649904,0,1,0.05822737134209238,0,4,0,0,51.856646634372005,30.0,2.0,184.0796232572324,228.31488548848208,0.0,749.3400161614636,0.0,136.3050308610955,1.0,86.0,0.6,0.0,0.0,106.0,669.4850680131442
9.226365555555555,45.47941166666667,1,0,8,0,0,1,0,1,0,1,4,0,0,0.12274711102468161,0,0,1,0,10,534,0,0,1,0,0,0,2,10,24,0.04994324289094979,0.22524964199968833,0.11650684770037519,0,0,1,0,0,0,0,0,7,0.042534466546863756,0,2,1.1791986033623139,0,8,4,7,15.128237290148432,37.09399351786402,1.0,0.0,0.0,323.85831457438803,1125.5749851842152,0.0,410.8097741643058,1.0,86.0,0.6,0.0,0.0,106.0,660.1145472259186
9.227696666666667,45.47941166666667,1,1,8,0,0,0,1,0,0,0,2,0,0,0.15949346698964978,0,0,1,0,28,669,0,0,1,0,0,0,3,11,29,0.0,0.011911894519595345,0.12329687982039002,0,0,0,0,0,0,0,0,2,0.0616580644255776,0,2,2.396851630503723,0,8,4,10,28.552863145913175,24.885118754045383,1.8631529736953338,0.0,0.0,372.1278499614643,703.1457442587769,143.01985436606822,548.7549124681235,1.0,86.0,0.6,0.0,0.0,106.0,661.882586498873
9.229027777777777,45.47941166666667,1,2,8,0,0,0,1,0,0,0,2,1,0,0.23279826288070815,0,0,1,0,31,764,0,0,1,0,0,0,2,13,31,0.0,0.0,0.10710956619091554,0,0,0,0,0,0,0,0,0,0.07347489861988654,0,1,1.2591889502826175,0,4,4,9,43.15607389289089,27.70309469211405,1.516871664362671,0.0,0.0,372.1278499614643,592.0415028739388,46.19291874565097,613.8453091945181,1.0,86.0,0.6,0.0,0.0,106.0,660.6905984416412
9.230358888888889,45.47941166666667,1,3,8,0,0,0,1,0,1,2,10,1,1,0.2784153783776146,0,0,1,0,31,806,0,0,1,0,0,0,2,12,31,0.0,0.0,0.07088498315556259,0,0,0,0,0,0,0,0,1,0.075668888888734,0,3,0.6994395767002916,0,12,4,6,15.834921893116826,39.22494821871464,1.5882183172763191,0.0,133.8333756886825,167.38507621452544,738.5345187674134,0.0,353.85830675274735,1.0,86.0,0.6,0.0,0.0,106.0,662.857739672643
9.23169,45.47941166666667,1,4,8,0,0,0,1,0,0,1,3,1,1,0.36872208793360756,0,0,1,1,27,704,0,0,1,0,0,0,1,9,31,0.0,0.0,0.0352670461425827,0,0,0,0,0,0,0,0,0,0.08490320832724005,0,2,1.7821356388575715,0,0,3,13,23.38685201593652,33.93718682895269,1.0,0.0,0.0,150.5654771666431,608.1297210469509,0.0,727.746802718465,1.0,86.0,0.6,0.0,0.0,106.0,661.6620875480074
9.23302111111111,45.47941166666667,1,5,8,0,0,0,0,0,0,0,0,1,0,0.5322709721125316,0,0,0,1,2,558,0,0,1,0,0,0,0,8,31,0.0,0.0,0.03309962576325708,0,0,0,1,0,0,0,1,6,0.1038597288120224,0,4,1.8953882809366451,0,4,2,13,14.779250796447538,31.294628956393797,1.0,0.0,0.0,350.34820473891284,429.7610955210531,43.17492996526812,783.9095428495605,1.0,86.0,0.6,0.0,0.0,106.0,665.5530546163301
9.234352222222222,45.47941166666667,1,6,8,1,1,0,0,0,0,2,3,1,1,0.6647728105196781,0,0,0,0,3,435,0,0,1,0,0,0,2,8,28,0.0,0.0,0.03864171971221109,0,0,0,0,0,0,0,1,13,0.09502667850557282,1,2,1.3068211456518597,8,8,5,10,28.830843339190505,30.317955489993935,0.0,0.0,242.6410042429378,863.0289386404266,1095.5720468892391,0.0,457.26980199076394,1.0,86.0,0.6,0.0,0.0,106.0,668.7953682358175
9.235683333333332,45.47941166666667,1,7,8,0,0,0,0,1,0,0,0,1,1,0.6741054097404304,0,1,1,0,0,293,0,0,1,0,0,0,1,7,22,0.07532790593401903,0.13261053431232106,0.032841505886527414,0,0,0,0,0,0,0,0,23,0.07754606567516295,0,3,0.29326941862342293,0,0,1,11,60.5153312291519,30.505193817888706,1.0,227.49558364897115,789.4757362856637,0.0,982.811040934067,0.0,322.96054006333566,1.0,86.0,0.6,0.0,0.0,106.0,662.4080135737877
9.237014444444444,45.47941166666667,1,8,8,0,0,0,0,0,0,0,0,0,1,0.5913016787198289,0,1,1,0,0,216,0,0,1,0,0,0,1,6,17,0.0,0.0069087519964815365,0.022718367982550225,0,0,1,0,0,0,0,0,20,0.06066482186105429,0,2,0.12101495157551044,0,0,0,11,22.50082738884719,15.0,1.6265395479720088,228.31488548848208,554.3740092941796,0.0,535.4131792043099,136.3050308610955,154.0308715433036,1.0,86.0,0.6,0.0,0.0,106.0,668.1627160931301
9.226365555555555,45.48032833333333,1,0,9,0,0,0,0,0,0,0,0,0,0,0.308908952460265,0,1,1,0,5,471,0,0,1,0,0,0,3,8,21,0.0,0.0519426067852806,0.11839052392970255,0,0,0,1,0,0,0,0,18,0.0758908052386122,0,1,3.261759516058254,0,4,6,6,7.739993529504135,28.550620167326866,1.6634425926574636,121.07358564401646,335.97403323719755,313.01423503156354,1209.2080017977628,140.31718316400665,280.8148628935223,1.0,86.0,0.6,0.0,0.0,106.0,666.7543408809338
9.227696666666667,45.48032833333333,1,1,9,0,0,0,0,0,0,0,0,1,0,0.37420930550442455,0,0,0,0,12,635,0,0,1,0,0,1,3,11,27,0.4768099038478241,0.3051607493355418,0.1068854869472788,0,0,0,0,0,0,0,0,14,0.10690662163389145,0,1,2.4999197091770733,0,0,2,10,19.3233695746479,36.31000948785497,1.8545188995843243,0.0,350.8110146682377,0.0,53.17645197745178,62.763765470435615,281.3892043308723,1.0,86.0,0.6,0.0,0.0,106.0,664.0901062250601
9.229027777777777,45.48032833333333,1,2,9,0,0,0,0,0,0,0,0,1,0,0.4289204073130836,0,0,0,0,6,720,0,0,0,0,0,0,2,11,29,0.0,0.0,0.08257403015730759,0,0,0,0,0,0,0,0,7,0.12830212126515472,0,1,1.5128364993132748,0,0,2,12,27.90442767530356,30.317955489993935,0.0,0.0,376.94088220993575,0.0,0.0,0.0,0.0,1.0,86.0,0.6,0.0,0.0,106.0,663.2139584364456
9.230358888888889,45.48032833333333,1,3,9,0,0,1,0,0,0,0,0,1,1,0.47596605180270973,0,0,1,0,8,766,0,0,1,0,0,0,1,10,29,0.01076794084994674,0.0026919852124957025,0.052460672214573956,0,0,0,0,0,0,0,0,10,0.12948039252659937,0,2,1.6057284714054871,0,4,4,6,23.715626321375492,41.37330127725543,2.0,133.8333756886825,529.1645698879577,114.8207808609384,517.9690733868586,0.0,162.17384042236165,1.0,86.0,0.6,0.0,0.0,106.0,663.8299466720953
9.23169,45.48032833333333,1,4,9,0,0,0,0,0,0,0,0,1,1,0.5377248489428453,0,1,1,0,4,698,0,0,1,0,0,0,2,12,29,0.0,0.0,0.03785927771840371,0,0,0,1,0,0,0,0,19,0.1398842967284914,0,2,1.8426101509064088,0,0,0,14,30.917847682414354,12.753235730759137,1.5462390509927135,0.0,534.5371230474079,0.0,307.0249800191964,311.3319736290908,467.639089140446,1.0,86.0,0.6,0.0,0.0,106.0,664.7407477485419
9.23302111111111,45.48032833333333,1,5,9,0,0,0,0,0,0,0,4,1,1,0.6632592640456344,0,0,0,0,0,606,0,0,1,0,0,0,2,11,28,0.0,0.01796129479309539,0.04190915405063057,0,0,0,0,0,0,0,0,23,0.1450252284804398,0,4,2.271814756220148,0,0,9,12,172.71345332164822,30.317955489993935,0.0,0.0,298.84996181256065,0.0,345.42690664329643,0.0,533.1018729727587,1.0,86.0,0.6,0.0,0.0,106.0,663.6289836248372
9.234352222222222,45.48032833333333,1,6,9,1,1,0,0,0,0,7,13,1,1,0.7662073958077297,0,0,0,0,14,445,0,0,0,0,0,0,2,11,25,0.003056676951236807,0.04993835003599647,0.035372381318265624,0,0,0,0,0,0,0,0,34,0.14205610674920083,0,2,1.6134461903480941,8,24,9,11,14.523100252537667,35.31530670724037,1.5892161489740526,113.26623307344903,699.7321762511353,199.2326618366331,1356.71847780869,84.80931490382088,327.38281722550585,1.0,86.0,0.6,0.0,0.0,106.0,657.8869342156897
9.235683333333332,45.48032833333333,1,7,9,0,0,0,0,0,0,0,1,1,1,0.7294523840678361,0,0,0,0,0,299,0,0,1,0,0,0,2,7,21,0.0,0.0,0.029399304713423283,0,0,0,0,0,0,0,0,38,0.11860518476129274,0,3,0.26340882932299925,0,0,11,14,190.41725219942492,30.74083528044433,1.0,167.49163462663586,803.64484240367,0.0,784.5946263704889,0.0,301.2445783228828,1.0,86.0,0.6,0.0,0.0,106.0,664.969099736909
9.237014444444444,45.48032833333333,1,8,9,0,0,0,0,0,0,0,0,0,1,0.6004803938721683,0,0,1,0,0,244,0,0,1,0,0,0,0,5,15,0.0,0.0,0.024419981159723554,0,0,0,0,0,0,0,0,31,0.08789492977233437,0,2,0.24069782592038919,0,0,2,14,152.72753128530422,30.0,2.0,326.0591238056975,432.6856442099636,0.0,284.8510013355194,0.0,137.98487400784558,1.0,86.0,0.6,0.0,0.0,106.0,667.2942251292515
9.226365555555555,45.481245,1,0,10,0,0,1,0,0,1,4,5,0,0,0.5082530223586998,0,0,0,0,6,327,0,1,1,0,0,1,2,7,21,0.04273990515507233,0.019855945272536007,0.07171567861806945,1,0,0,0,0,0,0,0,29,0.10878895860821411,0,0,2.39251685367531,8,36,2,6,17.45344023056911,38.17857634078902,1.0991951581462138,250.19030418995902,474.3346627272999,46.179775355141224,1729.6515061598916,0.0,47.71215503930311,1.0,86.0,0.6,0.0,0.0,106.0,666.6020015208948
9.227696666666667,45.481245,1,1,10,0,0,0,0,0,0,0,0,1,1,0.5729059816108555,0,0,0,0,1,472,0,1,1,0,0,0,2,9,25,0.042854952994295384,0.14400525876473702,0.0630323802543271,0,0,0,0,0,0,0,0,34,0.15269029598775477,0,0,0.46973323214016816,0,8,2,10,34.64479461129447,30.207921378122883,1.0,229.7374290242212,766.0195491146848,0.0,913.5407931484963,0.0,0.0,1.0,86.0,0.6,0.0,0.0,106.0,666.9608169611174
9.229027777777777,45.481245,1,2,10,0,0,0,0,0,0,0,0,1,1,0.6256335452157878,0,0,0,0,1,603,0,1,1,0,0,0,2,10,26,0.0,0.0,0.059800969036960576,0,0,0,0,0,0,0,0,32,0.17947341828185323,0,0,0.13252343554778961,0,8,0,9,36.41729129256927,30.210798967068634,1.0,233.0189544033636,460.13213316338533,209.92274338165052,968.7516582514221,0.0,0.0,1.0,86.0,0.6,0.0,0.0,106.0,667.3494126555613
9.230358888888889,45.481245,1,3,10,0,0,0,0,0,0,0,0,1,1,0.6801505878201093,0,0,0,0,6,632,0,0,1,0,0,0,3,12,25,0.0,0.0,0.04139978560846735,0,0,0,0,0,0,0,0,34,0.1908117159906459,0,1,0.3097395166778385,0,4,1,6,41.08370111103785,43.99061524287074,2.0,0.0,679.2595182569194,0.0,343.88109502146375,0.0,0.0,1.0,86.0,0.6,0.0,0.0,106.0,666.3736609913115
9.23169,45.481245,1,4,10,0,0,0,0,0,0,0,0,1,1,0.6965982028450205,0,0,0,0,2,639,0,0,1,0,0,0,3,11,27,0.0,0.06220564263495478,0.03492652449910925,0,0,0,0,0,0,0,0,40,0.19579256297232633,0,2,0.3981387663766645,0,0,0,15,151.27967473281322,30.62314083530802,1.0,140.64851589238143,808.5874940040303,265.6624101390873,615.7498577716847,0.0,227.94553637136784,1.0,86.0,0.6,0.0,0.0,106.0,666.8850438451655
9.23302111111111,45.481245,1,5,10,0,0,0,0,0,0,0,0,1,1,0.774021958086473,0,0,0,0,0,580,0,0,1,0,0,1,2,11,26,0.479363253825072,0.23705828640297386,0.031632376837170004,0,0,0,0,0,0,0,0,55,0.20233512265555764,0,3,1.1650398791505765,0,0,7,12,27.90442767530356,30.317955489993935,0.0,0.0,742.7403603617803,0.0,0.0,0.0,0.0,1.0,86.0,0.6,0.0,0.0,106.0,666.4732011101538
9.234352222222222,45.481245,1,6,10,1,1,0,0,0,0,0,2,1,1,0.842840680048534,0,0,0,0,0,475,0,0,1,0,0,0,4,10,23,0.0,0.0660959128979478,0.03464933421541764,0,0,0,0,0,0,0,0,43,0.19174947523086608,0,1,3.078898517281296,0,8,9,14,25.149603834257828,36.70520772440315,1.6666666666666667,285.5414223757396,1218.0807121412934,152.71981540790745,896.4899578343784,0.0,73.57673728482789,1.0,86.0,0.6,0.0,0.0,106.0,667.8883248910076
9.235683333333332,45.481245,1,7,10,0,0,1,0,0,0,0,5,1,1,0.7688165929319534,0,0,1,0,16,342,0,0,1,0,0,0,3,9,18,0.0,0.012739995583914154,0.029923186228836676,1,0,0,0,0,0,0,0,44,0.1563544557471592,0,1,0.7069150707244565,0,12,9,14,31.044305080266675,31.44518624339044,1.0,251.54493422958762,1180.625681579481,56.699159944862295,924.9143739425808,0.0,26.51029269137632,1.0,86.0,0.6,0.0,0.0,106.0,665.2277391020125
9.237014444444444,45.481245,1,8,10,0,0,0,0,0,0,2,7,0,1,0.6001262896304946,0,0,0,0,13,235,0,0,1,0,0,0,2,7,15,0.0,0.0,0.026576276019925384,0,0,0,0,0,0,0,0,29,0.12297794561085458,0,0,2.0824868946878645,0,12,5,14,15.371085305279655,31.575067214394736,1.4073007630463117,73.46870596540491,726.9427890667935,151.149962256593,572.1979151397479,0.0,6.6340824575606,1.0,86.0,0.6,0.0,0.0,106.0,666.0942856360574
9.226365555555555,45.48216166666667,1,0,11,0,0,0,0,0,0,0,0,0,1,0.703870294976916,0,0,0,0,0,223,0,1,0,0,0,0,3,6,20,0.0,0.0,0.03513934184501546,0,0,0,0,0,0,0,0,38,0.1337019431295584,0,0,1.3325037214486926,0,4,2,3,71.31744271205913,30.28180849422142,1.0,251.19705416901462,612.5890746016977,642.7960341267973,1317.7866854962863,0.0,0.0,1.0,86.0,0.6,0.0,0.0,106.0,669.2219925995404
9.227696666666667,45.48216166666667,1,1,11,0,0,0,0,0,0,0,0,0,1,0.7433872063564878,0,0,1,0,1,335,1,1,1,0,0,0,3,8,23,0.0,0.0,0.035982874420446766,0,0,0,0,0,0,0,0,55,0.18487913141458678,0,0,2.051367895263833,0,8,2,5,35.867471599409015,30.16622251172136,1.0,218.62219004526065,1132.7364266703344,0.0,1431.281503527554,0.0,0.0,1.0,86.0,0.6,0.0,0.0,106.0,668.4841817129206
9.229027777777777,45.48216166666667,1,2,11,0,0,0,0,0,0,1,3,1,1,0.7743322470898408,0,0,1,0,10,392,1,1,1,0,0,0,1,8,24,0.0,0.0,0.04498989001566905,0,0,0,0,0,0,0,0,61,0.22119356488087052,0,0,0.35699729156054344,8,24,2,4,25.953438672440605,40.77873159235552,1.0,373.06876115004604,960.2628699126464,237.07452433281682,2148.9662635213335,0.0,0.0,1.0,86.0,0.6,0.0,0.0,106.0,666.6201369742298
9.230358888888889,45.48216166666667,1,3,11,0,0,0,0,0,0,0,4,1,1,0.8350314794108643,0,0,0,0,0,457,0,1,1,0,0,0,2,10,23,0.0,0.037646150807641186,0.04171485321387085,0,0,0,0,0,0,0,0,56,0.24828550294732024,0,0,0.6661458581526223,0,4,2,2,37.734553408923375,40.63060421414968,1.7272727272727273,150.09494836896175,470.56854259217465,273.7872121486298,1028.3629535028895,0.0,0.0,1.0,86.0,0.6,0.0,0.0,106.0,667.4170792422813
9.23169,45.48216166666667,1,4,11,0,0,0,0,0,0,0,0,1,1,0.8561846698353992,0,0,1,0,0,512,0,0,1,0,0,1,3,11,22,0.0788060946105229,0.020455866175047983,0.026578395213367478,0,0,0,0,0,0,0,0,57,0.24749276323606068,0,0,0.9790852150498718,0,4,1,8,26.62990030628533,30.112534773761066,1.0,193.53775939866955,955.6157298749043,273.7872121486298,711.8788510150317,0.0,0.0,1.0,86.0,0.6,0.0,0.0,106.0,667.0207446350846
9.23302111111111,45.48216166666667,1,5,11,0,1,0,0,0,0,0,0,1,1,0.8626152476196522,0,0,1,0,0,506,0,1,1,0,0,0,5,9,21,0.0,0.0,0.025254822447803624,0,0,0,0,0,0,0,0,63,0.2580063279911989,0,1,1.4648323998888468,0,0,0,11,66.06168160549981,28.16581241965336,1.2842527457646178,87.02945820718547,1041.5964505858672,0.0,628.7928460530843,10.85619340022819,15.375723430061129,1.0,86.0,0.6,0.0,0.0,106.0,666.9967203043711
9.234352222222222,45.48216166666667,1,6,11,1,1,0,0,0,0,0,0,1,1,0.8612800463234958,0,0,0,0,0,429,0,1,1,0,0,0,5,9,20,0.0,0.0,0.02537670740502128,1,0,0,0,0,0,0,0,57,0.23435927494669853,0,1,2.065381139092063,0,0,3,14,63.38305627956444,38.122038836309386,1.8,202.11907032639414,1272.124611373138,198.17514710266474,368.32843618968593,0.0,15.375723430061129,1.0,86.0,0.6,0.0,0.0,106.0,668.9828918862381
9.235683333333332,45.48216166666667,1,7,11,0,0,0,0,0,0,0,0,0,1,0.7305673092451969,0,0,1,0,41,338,0,1,1,1,1,1,3,9,16,0.43653899060681517,0.17415195013086918,0.023966919764660626,0,0,0,0,0,0,0,0,47,0.18791529149421277,0,0,0.40988783784290994,0,0,2,14,24.611598509411078,30.39528376247444,1.0,177.36019001750248,687.1863589952148,43.34413711768947,954.773341415407,0.0,40.03350306252847,1.0,86.0,0.6,0.0,0.0,106.0,665.6319180274139
9.237014444444444,45.48216166666667,1,8,11,0,0,0,0,0,0,0,3,0,1,0.5520793133808647,0,0,0,0,0,257,0,1,1,0,0,0,2,7,13,0.0,0.05221658056732023,0.01443726261427476,0,0,0,0,0,0,0,0,26,0.14282740894858645,0,0,1.066494230297412,0,0,5,11,99.38529942235388,30.0,1.7721231649401032,197.6237574503878,448.5988282690487,0.0,199.91744023902777,0.0,69.30805455915313,1.0,86.0,0.6,0.0,0.0,106.0,668.4533461047788
9.226365555555555,45.48307833333334,1,0,12,0,0,0,0,0,0,0,0,0,1,0.861470333147198,0,0,0,0,0,111,0,0,1,0,0,0,2,5,16,0.00041206433248352814,0.1251772638135,0.03154292341475918,0,0,0,0,0,0,0,0,30,0.1432912491346371,0,0,1.7270235410865524,0,4,0,3,75.41068603076964,30.366152627935783,1.0,328.144087419719,518.2484608560325,642.7960341267973,1330.8910052572132,0.0,0.0,1.0,86.0,0.6,0.0,0.0,106.0,669.1073875292086
9.227696666666667,45.48307833333334,1,1,12,0,0,0,0,0,0,0,0,0,1,0.8955254309972787,0,0,0,0,2,184,0,1,1,0,0,1,1,7,18,0.17920236000675827,0.21579500499306975,0.03551061563891475,0,0,0,0,0,0,0,0,65,0.1923739501579205,0,0,2.573452070062448,0,4,0,6,69.45024398635904,30.384936909112042,1.0,345.28096042567125,951.1673098671665,0.0,1460.4253832196641,0.0,0.0,1.0,86.0,0.6,0.0,0.0,106.0,666.0308112288855
9.229027777777777,45.48307833333334,1,2,12,0,0,0,0,0,0,0,0,0,1,0.8922589109937987,0,0,1,0,0,227,0,1,1,0,0,0,2,8,19,0.0,0.0,0.03962649023534438,0,0,0,0,0,0,0,0,74,0.23455946230410943,0,0,0.496081628570619,0,0,2,5,249.91574684643714,31.07073656506936,1.0,242.73375283801727,692.9688025338596,484.4270955766771,1006.8449813941687,0.0,0.0,1.0,86.0,0.6,0.0,0.0,106.0,666.3272238099572
9.230358888888889,45.48307833333334,1,3,12,0,0,1,0,0,0,2,3,0,1,0.9027599141518854,0,0,0,0,0,238,0,1,0,0,0,0,2,8,19,0.0,0.06822645008388109,0.03241392178492205,1,0,0,0,0,0,0,0,74,0.2626264938300094,0,0,0.391514789884467,0,0,2,3,97.50314703748191,44.68860103339775,2.0,0.0,540.193228834248,0.0,541.0003880254271,0.0,0.0,1.0,86.0,0.6,0.0,0.0,106.0,669.0395349158764
9.23169,45.48307833333334,1,4,12,0,0,0,0,0,0,0,0,1,0,0.8976595405209861,0,0,0,0,18,290,0,0,1,0,0,1,2,10,19,0.18315748918236,0.07606703070015389,0.026738408491014394,0,0,0,0,0,0,0,0,66,0.2780393889461302,0,0,0.24118465749847612,0,0,0,3,98.62198599262749,50.0,1.0,195.62147413610091,773.2522122453777,216.48739211189715,593.354413804919,0.0,0.0,1.0,86.0,0.6,0.0,0.0,106.0,667.0099856009518
9.23302111111111,45.48307833333334,1,5,12,0,1,0,0,0,0,0,3,1,1,0.8992982931083171,0,0,0,0,3,385,0,1,1,0,0,0,4,9,18,0.0,0.0042955082752455,0.025215033029276357,0,0,0,0,0,0,0,0,76,0.27923820572339725,0,0,1.2516176533762546,0,0,0,6,27.90442767530356,30.317955489993935,0.0,0.0,1417.9832324461286,0.0,0.0,0.0,15.375723430061129,1.0,86.0,0.6,0.0,0.0,106.0,669.8415070478625
9.234352222222222,45.48307833333334,1,6,12,0,1,0,0,0,0,0,0,0,1,0.837828408534541,0,0,0,0,0,357,1,1,1,0,0,0,3,8,16,0.0,0.002195258242427423,0.02514714303930399,1,0,0,0,0,0,0,1,71,0.24336264689573378,0,0,1.104629086421472,0,4,0,9,30.062040445844843,40.178323435962554,2.0,227.1075749417146,1467.310764591094,186.14358980318192,494.3813957585617,0.0,0.0,1.0,86.0,0.6,0.0,0.0,106.0,672.8638250141864
9.235683333333332,45.48307833333334,1,7,12,0,0,0,0,0,0,0,0,0,1,0.6703502135477882,0,0,0,0,7,309,0,1,1,0,0,0,2,8,14,0.0,0.0,0.02205695036284712,0,0,0,0,0,0,0,0,63,0.19197048117508328,0,0,1.2346968181683857,0,8,0,9,26.50159807904833,30.156242758812756,1.0,239.126321541592,1172.5283263196088,133.59389730889035,794.4360035412928,0.0,40.03350306252847,1.0,86.0,0.6,0.0,0.0,106.0,668.8863003692475
9.237014444444444,45.48307833333334,1,8,12,0,0,0,0,0,0,0,6,0,1,0.4760943139432372,1,0,0,0,18,252,1,1,0,0,0,0,2,5,12,0.0,0.0,0.009895796077327839,0,0,0,1,0,0,0,0,37,0.1462480331070313,0,0,0.9666973472130292,0,8,1,5,14.397845377393029,30.033332221335847,1.0,103.50336080239246,901.0077033861423,0.0,414.8190727837566,0.0,62.673972101592526,1.0,86.0,0.6,0.0,0.0,106.0,669.4951761158418
9.226365555555555,45.483995,1,0,13,0,0,1,0,0,0,0,0,0,1,0.8544139332345625,0,0,1,0,0,50,0,0,1,0,0,0,2,5,12,0.0,0.03957169717060917,0.017637233225753637,0,0,0,0,0,0,0,0,35,0.1368528864571249,0,0,2.454419451004555,0,0,1,1,74.45027591717806,30.69758103355784,1.0,157.62643764481803,416.9892859728235,642.7960341267973,810.2271492784969,0.0,12.766056144386978,1.0,86.0,0.6,0.0,0.0,106.0,669.8959710173585
9.227696666666667,45.483995,1,1,13,0,0,0,0,0,0,0,0,0,1,0.895968514901935,0,1,1,0,0,94,0,0,1,0,0,0,1,6,16,0.021792496453185196,0.12502029947175264,0.023303108969330476,0,0,0,0,0,0,0,0,67,0.17889765273378577,0,0,2.6789742979863296,0,0,1,4,156.75543226669393,30.780402087204386,1.0,176.51582001248497,991.3514496729207,0.0,920.7722058543725,0.0,12.766056144386978,1.0,86.0,0.6,0.0,0.0,106.0,667.660653413644
9.229027777777777,45.483995,1,2,13,0,0,0,0,0,0,0,0,0,1,0.880305824732171,0,0,0,0,2,150,0,0,1,0,0,0,1,5,16,0.0,0.0,0.021328059254159357,0,0,0,0,0,0,0,0,79,0.20657258674723558,0,0,0.5201128048321436,0,0,1,4,249.91574684643714,31.07073656506936,1.0,242.73375283801727,747.2048124703925,484.4270955766771,1006.8449813941687,0.0,0.0,1.0,86.0,0.6,0.0,0.0,106.0,669.447134860591
9.230358888888889,45.483995,1,3,13,0,0,0,0,0,0,0,0,0,1,0.8692042328856765,0,0,0,0,0,179,0,0,0,0,0,0,1,6,17,0.0,0.0,0.021548275455115125,1,0,0,0,0,0,0,0,83,0.242136087774727,0,0,0.8379505160459023,0,0,1,3,217.4518286757259,44.68860103339775,2.0,0.0,545.2589993417976,0.0,435.7762323535118,0.0,0.0,1.0,86.0,0.6,0.0,0.0,106.0,670.7554235736105
9.23169,45.483995,1,4,13,0,0,0,0,0,0,0,0,0,1,0.8500574563703746,0,0,0,0,0,193,0,0,0,0,0,0,1,6,17,0.0,0.0,0.019677121543081818,0,0,0,0,0,0,0,0,76,0.2551703479803905,0,0,0.7941882040644406,0,4,0,3,58.34614029093943,30.24749368741148,1.0,164.91877853382672,1033.7423667547555,0.0,710.2733258302646,0.0,71.72598965989252,1.0,86.0,0.6,0.0,0.0,106.0,669.9073684647838
9.23302111111111,45.483995,1,5,13,1,1,1,0,0,0,0,6,0,1,0.835412696715532,0,0,0,0,1,249,0,1,0,0,0,0,3,7,15,0.0,0.0,0.022183850526054084,0,0,0,0,0,0,0,0,98,0.24811167905350623,0,0,0.29289407704066406,0,4,0,1,61.56988656674453,36.941729656395985,1.0,230.73543423161038,1467.8523831825369,360.30956897509986,815.9526374030465,0.0,0.0,1.0,86.0,0.6,0.0,0.0,106.0,670.2864558238712
9.234352222222222,45.483995,1,6,13,0,0,0,0,0,1,2,7,0,0,0.7655349136450773,0,0,1,0,10,259,1,1,1,0,0,0,2,8,15,0.0,0.0,0.019733358367788677,0,0,0,0,0,0,0,1,104,0.2122875914606874,0,0,0.5983313947518898,8,40,0,0,11.501126314228689,40.74791029831724,1.2962962962962963,546.0344622496265,1165.7176771296213,511.1788460072919,2099.2245900229714,0.0,0.0,1.0,86.0,0.6,0.0,0.0,106.0,667.8073397911389
9.235683333333332,45.483995,1,7,13,0,0,1,0,0,0,0,8,0,1,0.6029211846581484,0,0,1,0,3,263,0,1,1,0,0,0,0,7,13,0.0,0.0,0.009296807265190147,0,0,0,0,0,0,0,0,74,0.16518590927609042,0,3,2.1690947709199015,0,0,0,2,27.90442767530356,30.317955489993935,0.0,0.0,863.522885427018,0.0,0.0,0.0,385.2756120366622,1.0,86.0,0.6,0.0,0.0,106.0,665.5845030782157
9.237014444444444,45.483995,1,8,13,0,0,1,0,0,0,3,9,0,1,0.41228435991731566,1,0,1,0,1,225,0,1,1,0,0,0,0,4,10,0.0,0.0,0.007053888334919262,0,0,0,0,0,0,0,0,35,0.12655662236408202,0,3,1.8547920328412886,0,8,0,3,10.131698593452402,12.809218900841307,1.4430956036872076,0.0,441.688802383402,158.21512703790017,709.4023300302059,50.47506447872425,405.3276389117248,1.0,86.0,0.6,0.0,0.0,106.0,667.6913593042092
9.226365555555555,45.48491166666667,1,0,14,0,0,0,0,0,0,0,0,0,1,0.6827155474589774,0,0,1,0,0,5,0,0,1,0,0,0,1,2,11,0.0,0.0,0.015471625913605317,0,0,0,0,0,0,0,0,25,0.10661677936848904,0,0,1.0852554736790343,0,0,1,2,27.90442767530356,30.317955489993935,0.0,0.0,416.9892859728235,0.0,0.0,0.0,12.766056144386978,1.0,86.0,0.6,0.0,0.0,106.0,672.2702214916073
9.227696666666667,45.48491166666667,1,1,14,0,0,0,0,0,0,0,0,0,1,0.7331311576559879,0,0,0,0,0,49,0,0,1,0,0,0,1,3,14,0.0,0.0,0.018056755226778423,0,0,0,0,0,0,0,0,47,0.139921564417665,0,0,1.4361553555566493,0,0,1,2,12.581900496575877,30.317955489993935,0.0,0.0,969.8555986881383,0.0,125.81900496575877,0.0,12.766056144386978,1.0,86.0,0.6,0.0,0.0,106.0,672.0736698850162
9.229027777777777,45.48491166666667,1,2,14,0,0,0,0,0,0,0,0,0,1,0.7212613378046191,0,0,0,0,0,99,0,0,1,0,0,0,0,4,14,0.0,0.0,0.017947902455080697,0,0,0,0,0,0,0,0,58,0.16591776267386296,0,0,0.6909147032729337,0,4,1,3,79.17091402553356,26.035656013235013,1.4638457637730757,520.2636753667697,982.850869519587,0.0,904.8127770928343,0.0,0.0,1.0,86.0,0.6,0.0,0.0,106.0,670.1563447136743
9.230358888888889,45.48491166666667,1,3,14,0,0,0,0,0,0,0,0,0,1,0.7002825433614299,0,0,0,0,0,127,0,0,0,0,0,0,0,5,14,0.0,0.0,0.017868393752426697,1,0,0,0,0,0,0,0,58,0.1913003368092654,0,0,2.3104793938714834,0,12,1,3,29.663727696776988,34.64677206451616,1.717211818217073,347.27407327648604,846.5742974835831,343.52190443921273,1298.5656165893063,0.0,0.0,1.0,86.0,0.6,0.0,0.0,106.0,668.7919226658771
9.23169,45.48491166666667,1,4,14,0,1,0,0,0,0,0,0,0,1,0.6860240817850977,0,0,0,0,0,146,0,0,0,0,0,0,0,5,13,0.0,0.0,0.006517769193584215,0,0,0,0,0,0,0,0,67,0.19756179803774665,0,0,1.8847369154063873,0,8,1,1,39.98049151379114,28.33012602703178,1.6388819838848372,297.7480785284549,932.2318727455464,381.50977305408446,810.1980925352123,91.4685743500672,91.4685743500672,1.0,86.0,0.6,0.0,0.0,106.0,669.8101316711766
9.23302111111111,45.48491166666667,1,5,14,0,1,0,0,0,0,0,0,0,1,0.6519943233305397,0,0,0,0,8,155,0,0,0,0,0,0,0,4,14,0.0,0.0,0.0057799774227329315,0,0,0,0,0,0,0,0,79,0.18972706725070249,0,0,0.4928439938326113,0,0,0,1,180.15478448754993,30.317955489993935,0.0,0.0,347.37509270792714,0.0,360.30956897509986,0.0,91.4685743500672,1.0,86.0,0.6,0.0,0.0,106.0,671.7875527002377
9.234352222222222,45.48491166666667,1,6,14,0,0,0,0,0,0,0,0,0,1,0.5883454655201906,0,0,0,0,0,211,0,1,1,0,0,0,0,5,12,0.0,0.0,0.007881092893600526,0,0,0,0,0,0,0,0,82,0.16350696591187044,0,0,0.40643271516873475,0,0,0,0,27.90442767530356,30.317955489993935,0.0,0.0,424.73838178394993,0.0,0.0,0.0,0.0,1.0,86.0,0.6,0.0,0.0,106.0,671.2386745403055
9.235683333333332,45.48491166666667,1,7,14,0,0,0,0,0,0,2,18,0,1,0.46268034371410727,0,1,1,0,0,192,0,0,1,0,0,0,0,5,11,0.0,0.0,0.007675946597584809,0,0,0,0,0,0,0,0,57,0.13306172037010708,0,3,2.59449938214924,4,22,0,0,7.9469704302230335,32.715025953969345,1.0330973640277796,118.92551058890015,437.5933017230764,51.518879462374045,1008.2242200155961,88.73674521962793,602.3043411525503,1.0,86.0,0.6,0.0,0.0,106.0,671.7164101230776
9.237014444444444,45.48491166666667,1,8,14,0,0,0,0,0,1,12,29,0,0,0.31576699513440315,1,0,1,0,1,172,0,0,1,0,0,0,0,4,9,0.0,0.0,0.00677114968981325,0,0,0,0,0,0,0,0,22,0.09925989018254498,0,3,0.7463982711121026,0,0,0,0,9.740367152024415,30.317955489993935,0.0,0.0,239.6226107452927,114.23246565639633,798.7101064660021,0.0,681.7788726726275,1.0,86.0,0.6,0.0,0.0,106.0,667.6291353237496
